"";"Company";"Date";"City"
"1";"JOM Jäschke Operational M...";"
                                             Veröffentlicht:
                                             Vor 9 Tagen
                                        ";"Hamburg"
"2";"travel audience GmbH";"
                                             Veröffentlicht:
                                             Heute
                                        ";"Berlin"
"3";"NorCom Information Techno...";"
                                             Veröffentlicht:
                                             Heute
                                        ";"München"
"4";"Deloitte & Touche GmbH";"
                                             Veröffentlicht:
                                             Heute
                                        ";"Berlin, Düsseldorf, Frank..."
"5";"LIDL Stiftung & Co. KG";"
                                             Veröffentlicht:
                                             Heute
                                        ";"Neckarsulm"
"6";"Deloitte & Touche GmbH";"
                                             Veröffentlicht:
                                             Heute
                                        ";"Berlin"
"7";"Gameforge AG";"
                                             Veröffentlicht:
                                             Vor 1 Tagen
                                        ";"Karlsruhe"
"8";"Deloitte & Touche GmbH";"
                                             Veröffentlicht:
                                             Vor 1 Tagen
                                        ";"Berlin, Düsseldorf, Hambu..."
"9";"ALDI SÜD";"
                                             Veröffentlicht:
                                             Vor 1 Tagen
                                        ";"Mülheim an der Ruhr"
"10";"BMW Group";"
                                             Veröffentlicht:
                                             Vor 2 Tagen
                                        ";"München"
"11";"ALTRAN Deutschland";"
                                             Veröffentlicht:
                                             Vor 3 Tagen
                                        ";"bundesweit"
"12";"Deloitte & Touche GmbH";"
                                             Veröffentlicht:
                                             Vor 3 Tagen
                                        ";"Berlin, Düsseldorf, Frank..."
"13";"G+J Digital Products GmbH";"
                                             Veröffentlicht:
                                             Vor 4 Tagen
                                        ";"Hamburg"
"14";"Deutsche Messe AG";"
                                             Veröffentlicht:
                                             Vor 6 Tagen
                                        ";"Hannover"
"15";"Schober Information Group...";"
                                             Veröffentlicht:
                                             Vor 6 Tagen
                                        ";"Stuttgart"
"16";"Schober Information Group...";"
                                             Veröffentlicht:
                                             Vor 6 Tagen
                                        ";"Stuttgart"
"17";"Deutsche Bahn AG";"
                                             Veröffentlicht:
                                             Vor 8 Tagen
                                        ";"Frankfurt (Main)"
"18";"inovex GmbH";"
                                             Veröffentlicht:
                                             Vor 9 Tagen
                                        ";"München, Karlsruhe, Pforz..."
"19";"inovex GmbH";"
                                             Veröffentlicht:
                                             Vor 9 Tagen
                                        ";"München, Karlsruhe, Pforz..."
"20";"AXA Konzern AG";"
                                             Veröffentlicht:
                                             Vor 15 Tagen
                                        ";"Köln"
"21";"Blue Yonder GmbH";"
                                             Veröffentlicht:
                                             Vor 15 Tagen
                                        ";"Karlsruhe und/oder Hambur..."
"22";"Blue Yonder GmbH";"
                                             Veröffentlicht:
                                             Vor 16 Tagen
                                        ";"Karlsruhe und/oder Hambur..."
"23";"AXA Konzern AG";"
                                             Veröffentlicht:
                                             Vor 16 Tagen
                                        ";"Köln"
"24";"EY";"
                                             Veröffentlicht:
                                             Heute
                                        ";"Frankfurt am Main"
"25";"Vodafone";"
                                             Veröffentlicht:
                                             Vor 11 Tagen
                                        ";"München / Unterföhring"
"26";"Deloitte & Touche GmbH";"
                                             Veröffentlicht:
                                             Heute
                                        ";"Frankfurt"
"27";"Deloitte & Touche GmbH";"
                                             Veröffentlicht:
                                             Heute
                                        ";"Frankfurt, Düsseldorf"
"28";"easyCredit";"
                                             Veröffentlicht:
                                             Vor 3 Tagen
                                        ";"Stuttgart, München, Hambu..."
"29";"HORNBACH Baumarkt AG";"
                                             Veröffentlicht:
                                             Vor 6 Tagen
                                        ";"Nürnberg"
"30";"IT-Personalberatung Dr. D...";"
                                             Veröffentlicht:
                                             Vor 7 Tagen
                                        ";"Bornheim"
"31";"Polizeipräsidium Reutling...";"
                                             Veröffentlicht:
                                             Vor 8 Tagen
                                        ";"Esslingen"
"32";"Horváth & Partner GmbH";"
                                             Veröffentlicht:
                                             Vor 1 Tagen
                                        ";"München"
"33";"Deloitte & Touche GmbH";"
                                             Veröffentlicht:
                                             Vor 1 Tagen
                                        ";"Berlin"
"34";"Deloitte & Touche GmbH";"
                                             Veröffentlicht:
                                             Vor 2 Tagen
                                        ";"Stuttgart, München, Hambu..."
"35";"Deloitte & Touche GmbH";"
                                             Veröffentlicht:
                                             Vor 2 Tagen
                                        ";"München"
"36";"Deloitte & Touche GmbH";"
                                             Veröffentlicht:
                                             Vor 2 Tagen
                                        ";"Frankfurt"
